id	name	wiki_title	endowment_raw	old_placeholder_b
uwseattle	University of Washington	Campus of the University of Washington		2.7
ucsb	UC Santa Barbara	University of California, Santa Barbara	$665.9 million (2024)<ref name=NACUBO>As of February 26, 2025. {{cite web	3.8
coloradomines	Colorado School of Mines	Colorado School of Mines	$463.3 million (2025)<ref>{{cite web	0.35
georgiastate	Georgia State University	Georgia State University	$256.5 million (2024)<ref name=endowment>{{cite web	0.15
jamesmadison	James Madison University	James Madison University	$181 million (2025)<ref>{{cite web	0.12
ucriverside	UC Riverside	University of California, Riverside	$249.87 million (2023)<ref name="UCEndowment">As of June 30, 2023. {{cite web	0.25
ucsc	UC Santa Cruz	University of California, Santa Cruz	$359.62 million (2025)<ref name="UCEndowment">As of 2025. {{cite web	0.25
ucf	University of Central Florida	University of Central Florida	$266.7 million ([[Fiscal year	0.25
uconn	University of Connecticut	University of Connecticut	$668.6 million (2025)<ref>{{cite web	0.65
houston	University of Houston	University of Houston	{{US$	1.1
unm	University of New Mexico	University of New Mexico	$887 million (2025)<ref>{{cite web	0.5
uncc	UNC Charlotte	University of North Carolina at Charlotte	$376.7 million (2025)<ref>{{cite web	0.15
oklahoma	University of Oklahoma	University of Oklahoma	$1.81 billion (FY2024)<ref>As of June 30, 2024. {{Cite web	1.5
washstate	Washington State University	University of Washington	$5.96 billion (2025)<ref>{{cite report	1.1
waynestate	Wayne State University	Wayne State University	$636 million (2025)<ref>{{cite web	0.45
yeshiva	Yeshiva University	Yeshiva University	$714.15 million (2025)<ref>{{cite web	0.6
rpi	Rensselaer Polytechnic Institute	Rensselaer Polytechnic Institute	$1.02 billion (2025)<ref>{{cite web	0.9
stevens	Stevens Institute of Technology	Stevens Institute of Technology	$387.7 million (2025)<ref>{{cite web	0.25
calpoly	Cal Poly San Luis Obispo	California Polytechnic State University, San Luis Obispo	$335.8 million (2025)<ref>{{cite web	0.25
coloradostate	Colorado State University	Colorado State University	$667.5 million (2025)<ref>{{cite web	0.55
fresnostate	Fresno State	California State University, Fresno	$254.8 million (2023–24)<ref name=NACUBO>As of June 30, 2024. {{Cite web	1.0
fiu	Florida International University	Florida International University	$380.1 million (2025)<ref>{{cite web	0.25
harveymudd	Harvey Mudd College	Harvey Mudd College	$454.55 million (2024)<ref name=NACUBO>As of June 30, 2024. {{cite web	0.35
illinoischicago	University of Illinois Chicago	University of Illinois Chicago	$527.9 million (2025)<ref>{{cite web	0.6
usfca	University of San Francisco	University of California, San Francisco	$2.95 billion (2024)<ref name=NACUBO>As of June 30, 2024. {{cite web	0.5
sdsu	San Diego State University	San Diego State University	$456.6 million (2023–24)<ref name=NACUBO>As of June 30, 2024. {{Cite web	0.5
sjsu	San Jose State University	San Jose State University	$264.6 million (2025–26)<ref>{{cite web	0.2
unlv	University of Nevada Las Vegas	University of Nevada, Las Vegas	$470.85 million (2025)<ref>{{cite web	0.3
unr	University of Nevada Reno	University of Nevada, Reno	$640.3 million (2025)<ref>{{cite web	0.4
maine	University of Maine	University of Maine	$442.2 million (2025)<ref>{{cite web	0.4
uri	University of Rhode Island	University of Rhode Island	$278.7 million (2025)<ref>{{cite web	0.2
hawaii	University of Hawaii at Manoa	University of Hawaiʻi at Mānoa	$632.1 million (2025)<br />(system-wide)<ref>{{cite web	0.4
montanastate	Montana State University	Montana State University	$319.6 million (2025)<ref>{{cite web	0.2
montana	University of Montana	University of Montana	$320.7 million (2025)<ref>{{cite web	0.2
ndsu	North Dakota State University	North Dakota State University	$528 million (2025)<ref>{{cite web	0.3
und	University of North Dakota	North Dakota State University	$528 million (2025)<ref>{{cite web	0.3
sdstate	South Dakota State University	South Dakota State University	$292.6 million (2025)<ref>{{cite web	0.2
boisestate	Boise State University	Boise State University	$184.25 million (2025)<ref>{{cite web	0.2
idaho	University of Idaho	University of Idaho	$474 million (2025)<ref>{{cite web	0.3
nmsu	New Mexico State University	New Mexico State University	$421.5 million (2025)<ref>{{cite web	0.2
unt	University of North Texas	University of North Texas	$1.536B ($356 million ([[Fiscal year	0.3
uta	University of Texas at Arlington	University of Texas at Arlington	$223.2 million ([[Fiscal year	0.2
utdallas	University of Texas at Dallas	University of Texas at Dallas	$862.7 million ([[Fiscal year	0.7
fau	Florida Atlantic University	Florida Atlantic University	$295.1 million (2024)<ref name=endowment>{{cite web	0.3
memphis	University of Memphis	University of Memphis	$413 million (2025)<ref>{{cite web	0.2
akron	University of Akron	University of Akron	$235.3 million (2020)<ref>As of June 30, 2020. {{cite report	0.2
toledo	University of Toledo	University of Toledo	$689.1 million (2025)<ref>{{cite web	0.4
kentstate	Kent State University	University of Kent	[[Pound sterling	0.2
bgsu	Bowling Green State University	Bowling Green State University	$259.4 million (2025)<ref>{{cite web	0.2
ohiou	Ohio University	Wright State University	$120.15 million (2024)<ref>{{cite web	0.7
miamioh	Miami University	Miami University	$1.09 billion ([[Fiscal year	0.6
umkc	University of Missouri-Kansas City	University of Missouri–Kansas City	$204.14 million (2023)<br />(UMKC only)<ref name=Endowment>As of June 30, 2023. {{cite web	0.2
uwmilwaukee	University of Wisconsin-Milwaukee	University of Wisconsin–Milwaukee	$323 million (2023)	0.2
uab	University of Alabama Birmingham	University of Alabama at Birmingham	$1 billion<ref>{{cite web	0.7
creighton	Creighton University	Creighton University	$866.6 million (2025)<ref>{{cite web	0.65
gonzaga	Gonzaga University	Gonzaga University	$498.8 million (2025)<ref>{{cite web	0.35
xavier	Xavier University	Xavier University	$300.65 million (2025)<ref>{{cite web	0.25
butler	Butler University	Butler University	$319.2 million (2025)<ref>{{cite web	0.3
providence	Providence College	Providence College	$321 million (2023)<ref>As of August 31, 2023.{{cite web	0.3
