id	name	wiki_title	lat	lon	coord_source	note
stanford	Stanford	Stanford University	37.4275	-122.17	secondary	auto-pick jacc=1.00; alt=Stanford University School of Medicine(0.50)|Stanford University Medical Center(0.33)
mit	MIT	Massachusetts Institute of Technology	42.3597	-71.0919	secondary	auto-pick jacc=1.00; alt=Hacks at the Massachusetts Institute of Technology(0.67)|List of presidents of the Massachusetts Institute of Technology(0.50)
harvard	Harvard	Harvard University	42.37444444	-71.11694444	secondary	auto-pick jacc=1.00; alt=Harvard University Press(0.50)|List of Harvard University people(0.33)
caltech	Caltech	California Institute of Technology	34.1375	-118.125	secondary	auto-pick jacc=1.00; alt=Campus of the California Institute of Technology(1.00)|List of California Institute of Technology people(0.50)
princeton	Princeton	Princeton University	40.34527778	-74.65611111	secondary	auto-pick jacc=1.00; alt=Princeton University Press(0.50)|List of Princeton University people(0.33)
penn	University of Pennsylvania	University of Pennsylvania	39.95194444	-75.19361111	secondary	auto-pick jacc=1.00; alt=Pennsylvania State University(0.50)|List of colleges and universities in Pennsylvania(0.50)
brandeis	Brandeis University	Brandeis University	42.365664	-71.259742	secondary	auto-pick jacc=1.00; alt=Louis Brandeis(0.50)|Brandeis University Press(0.50)
villanova	Villanova University	Villanova University	40.03771	-75.33755	secondary	auto-pick jacc=1.00; alt=Villanova Wildcats(0.50)|Villanova University School of Law(0.50)
howard	Howard University	Howard University	38.92222222	-77.01944444	secondary	auto-pick jacc=1.00; alt=Howard University Hospital(0.50)|Oliver Otis Howard(0.33)
uf	University of Florida	University of Florida	29.6475	-82.345	secondary	auto-pick jacc=1.00; alt=University of Central Florida(0.50)|List of colleges and universities in Florida(0.50)
pepperdine	Pepperdine University	Pepperdine University	34.03868333	-118.70758056	secondary	auto-pick jacc=1.00; alt=Pepperdine University School of Law(0.50)|List of Pepperdine University people(0.33)
yale	Yale University	Yale University	41.31638889	-72.92222222	secondary	auto-pick jacc=1.00; alt=Yale University Press(0.50)|Coat of arms of Yale University(0.33)
ohiostate	Ohio State University	Ohio State University	40.00055556	-83.01444444	secondary	auto-pick jacc=1.00; alt=Ohio State University Wexner Medical Center(0.40)|Wright State University(0.33)
washu	Washington University in St. Louis	Washington University in St. Louis	38.648	-90.305	secondary	auto-pick jacc=1.00; alt=St. Louis(0.67)|University of Missouri–St. Louis(0.50)
duke	Duke University	Duke University	36.00138889	-78.93833333	secondary	auto-pick jacc=1.00; alt=List of Duke University people(0.33)|Duke lacrosse rape hoax(0.25)
carnegiemell	Carnegie Mellon	Carnegie Mellon University	40.4425	-79.94333333	secondary	auto-pick jacc=1.00; alt=Carnegie Mellon University traditions(0.67)|List of Carnegie Mellon University people(0.50)
uwmadison	UW-Madison	University of Wisconsin–Madison	43.0753	-89.4042	secondary	auto-pick jacc=1.00; alt=Madison, Wisconsin(1.00)|University of Wisconsin–Madison Arboretum(0.67)
umd	University of Maryland	University of Maryland, College Park	38.9881	-76.9425	secondary	auto-pick jacc=1.00; alt=College Park, Maryland(1.00)|College Park–University of Maryland station(0.67)
lmu	Loyola Marymount University	Loyola Marymount University	33.97	-118.418	secondary	auto-pick jacc=1.00; alt=Loyola Marymount Lions men's basketball(0.33)|Loyola Law School(0.33)
tulane	Tulane University	Tulane University	29.94	-90.12	secondary	auto-pick jacc=0.50; alt=Paul Tulane(0.33)|Tulane University School of Medicine(0.33)
santaclara	Santa Clara University	Santa Clara University	37.34916667	-121.93805556	secondary	auto-pick jacc=1.00; alt=Santa Clara, California(0.67)|Santa Clara University School of Law(0.67)
ucberkeley	UC Berkeley	University of California, Berkeley	37.8719	-122.2583	secondary	auto-pick jacc=1.00; alt=Berkeley, California(1.00)|List of chancellors of the University of California, Berkeley(0.50)
emory	Emory University	Emory University	33.79111111	-84.32333333	secondary	auto-pick jacc=1.00; alt=Emory University Hospital(0.50)|Oxford College of Emory University(0.50)
asu	Arizona State University	Arizona State University	33.4209	-111.934	secondary	auto-pick jacc=0.67; alt=List of the largest United States colleges and universities by enrollment(0.00)|Hispanic-Serving Institution(0.00)
georgiatech	Georgia Tech	Main campus of the Georgia Institute of Technology				auto-pick jacc=1.00; alt=History of the Georgia Institute of Technology(0.67)|Georgia Tech(0.33); NO-COORDS on page
vanderbilt	Vanderbilt University	Vanderbilt University	36.1475	-86.8025	secondary	auto-pick jacc=1.00; alt=Cornelius Vanderbilt(0.50)|Vanderbilt University Medical Center(0.33)
lehigh	Lehigh University	Lehigh University	40.60611111	-75.37722222	secondary	auto-pick jacc=1.00; alt=List of Lehigh University people(0.33)|Lehigh Mountain Hawks football(0.25)
cornell	Cornell University	Cornell University	42.4492	-76.4839	secondary	auto-pick jacc=1.00; alt=Ezra Cornell(0.50)|History of Cornell University(0.50)
bostonuniver	Boston University	Boston University	42.34888889	-71.10027778	secondary	auto-pick jacc=1.00; alt=University of Massachusetts Boston(0.50)|List of colleges and universities in metropolitan Boston(0.33)
michigan	University of Michigan	Ann Arbor, Michigan	42.28138889	-83.74833333	secondary	auto-pick jacc=1.00; alt=Concordia University Ann Arbor(0.50)|University of Michigan(0.33)
usd	University of San Diego	University of San Diego	32.77111111	-117.1875	secondary	auto-pick jacc=1.00; alt=San Diego(1.00)|University of California, San Diego(0.50)
northeastern	Northeastern University	Northeastern University	42.34	-71.08833333	secondary	auto-pick jacc=1.00; alt=Northeastern University – London(0.50)|Northeastern University (China)(0.50)
uwseattle	University of Washington	University of Washington	47.6542	-122.3081	secondary	forced-title (v0.19 trap)
ucla	UCLA	University of California, Los Angeles	34.0722	-118.4427	secondary	auto-pick jacc=1.00; alt=California State University, Los Angeles(0.75)|South Los Angeles(0.50)
chapman	Chapman University	Chapman University	33.79277778	-117.85138889	secondary	auto-pick jacc=1.00; alt=Chapman University School of Law(0.50)|University of Massachusetts Global(0.00)
utaustin	UT Austin	University of Texas at Austin	30.285	-97.735	secondary	auto-pick jacc=1.00; alt=University of Texas at Austin School of Law(0.67)|University of Texas tower shooting(0.25)
uiuc	University of Illinois Urbana-Champaign	University of Illinois Urbana-Champaign	40.11055556	-88.22833333	secondary	auto-pick jacc=1.00; alt=Champaign, Illinois(0.67)|Urbana, Illinois(0.67)
pennstate	Penn State	Pennsylvania State University	40.79833333	-77.86	secondary	auto-pick jacc=1.00; alt=Old Main (Pennsylvania State University)(0.67)|Pennsylvania State University Commonwealth Campuses(0.50)
columbia	Columbia University	Trustees of Columbia University in the City of New York	40.80826	-73.96188	secondary	auto-pick jacc=0.80; alt=Columbia University(0.25)|Columbia College, Columbia University(0.25)
ucd	UC Davis	University of California, Davis	38.54	-121.75	secondary	auto-pick jacc=1.00; alt=Davis, California(1.00)|List of University of California, Davis alumni(0.50)
texasa&m	Texas A&M University	Texas A&M University	30.61	-96.35	secondary	auto-pick jacc=0.67; alt=Texas A&M University System(0.67)|West Texas A&M University(0.50)
northwestern	Northwestern University	Northwestern University	42.05583333	-87.67472222	secondary	auto-pick jacc=1.00; alt=Northwestern University (disambiguation)(0.50)|Northwestern Wildcats football(0.33)
johnshopkins	Johns Hopkins University	Johns Hopkins University	39.32888889	-76.62027778	secondary	auto-pick jacc=1.00; alt=Johns Hopkins Hospital(0.67)|Johns Hopkins School of Medicine(0.67)
casewestern	Case Western Reserve University	Case Western Reserve University	41.504	-81.608	secondary	auto-pick jacc=1.00; alt=Case Western Reserve University School of Law(0.75)|Case Western Reserve Spartans(0.75)
ucsb	UC Santa Barbara	University of California, Santa Barbara	34.41638889	-119.84638889	secondary	auto-pick jacc=1.00; alt=Santa Barbara, California(1.00)|Santa Barbara County, California(0.75)
usc	USC	University of Southern California	34.0206	-118.2848	secondary	auto-pick jacc=1.00; alt=Southern California(1.00)|List of colleges and universities in California(0.33)
tufts	Tufts University	Tufts University	42.406	-71.12	secondary	auto-pick jacc=1.00; alt=Tufts University School of Medicine(0.50)|Detention of Rümeysa Öztürk(0.00)
rice	Rice University	Rice University	29.71694444	-95.40277778	secondary	auto-pick jacc=1.00; alt=Rice Stadium (Rice University)(0.50)|Residential colleges of Rice University(0.50)
smu	SMU	Southern Methodist University	32.83855	-96.78294	secondary	auto-pick jacc=1.00; alt=List of Southern Methodist University people(0.50)|SMU Mustangs football scandal(0.00)
purdue	Purdue University	Purdue University	40.425	-86.92305556	secondary	auto-pick jacc=1.00; alt=Purdue University system(1.00)|Purdue University Northwest(0.50)
bostoncolleg	Boston College	Boston College	42.335	-71.17027778	secondary	auto-pick jacc=1.00; alt=List of colleges and universities in metropolitan Boston(0.33)|Boston College Eagles football(0.33)
morehouse	Morehouse College	Morehouse College	33.74666667	-84.41527778	secondary	auto-pick jacc=1.00; alt=List of Morehouse College alumni(0.33)|Hezekiah Walker(0.00)
rutgers	Rutgers University	Rutgers University–New Brunswick	40.5025	-74.44861111	secondary	auto-pick jacc=1.00; alt=Rutgers University(0.33)|History of Rutgers University(0.25)
notredame	Notre Dame University	University of Notre Dame	41.7	-86.23888889	secondary	auto-pick jacc=1.00; alt=University of Notre Dame Australia(0.67)|Notre Dame, Indiana(0.67)
nyu	New York University	New York University	40.73	-73.995	secondary	auto-pick jacc=1.00; alt=City University of New York(0.67)|List of colleges and universities in New York (state)(0.50)
clarkatlanta	Clark Atlanta University	Clark Atlanta University	33.75083333	-84.41027778	secondary	auto-pick jacc=1.00; alt=Clark Atlanta Panthers(0.67)|List of Clark Atlanta University people(0.50)
georgetown	Georgetown University	Georgetown University	38.90722222	-77.07277778	secondary	auto-pick jacc=1.00; alt=Georgetown University Law Center(0.33)|List of Georgetown University alumni(0.33)
uncchapelhil	UNC-Chapel Hill	University of North Carolina at Chapel Hill	35.90861111	-79.04916667	secondary	auto-pick jacc=1.00; alt=Chapel Hill, North Carolina(1.00)|University of North Carolina(0.50)
spelman	Spelman University	Spelman College	33.746	-84.411	secondary	auto-pick jacc=1.00; alt=Laura Spelman Rockefeller(0.33)|List of Spelman College people(0.33)
ucsd	UC San Diego	University of California, San Diego	32.8801	-117.234	secondary	auto-pick jacc=1.00; alt=San Diego(0.50)|San Diego State University(0.33)
brown	Brown University	Brown University	41.826	-71.403	secondary	auto-pick jacc=1.00; alt=John Brown University(0.50)|2025 Brown University shooting(0.33)
dartmouth	Dartmouth College	Dartmouth College	43.70333333	-72.28833333	secondary	auto-pick jacc=1.00; alt=Campus of Dartmouth College(1.00)|List of Dartmouth College alumni(0.33)
uchicago	University of Chicago	University of Chicago	41.78972222	-87.59972222	secondary	auto-pick jacc=1.00; alt=Loyola University Chicago(0.50)|Chicago State University(0.50)
baylor	Baylor University	Baylor University	31.548	-97.116	secondary	auto-pick jacc=1.00; alt=Baylor Bears football(0.33)|University of Mary Hardin–Baylor(0.33)
byu	Brigham Young University	Brigham Young University	40.2497	-111.6492	secondary	auto-pick jacc=1.00; alt=Brigham Young(1.00)|Brigham Young University–Idaho(0.67)
clemson	Clemson University	Clemson University	34.67833333	-82.83916667	secondary	auto-pick jacc=1.00; alt=Clemson Tigers(0.50)|Clemson Tigers football(0.33)
coloradomines	Colorado School of Mines	Colorado School of Mines	39.75111111	-105.2225	secondary	auto-pick jacc=1.00; alt=Colorado Mines Orediggers(0.67)|Colorado Mines Orediggers football(0.50)
drexel	Drexel University	Drexel University	39.954	-75.188	secondary	auto-pick jacc=1.00; alt=Drexel University College of Medicine(0.50)|Drexel Dragons(0.50)
floridastate	Florida State University	Florida State University	30.442	-84.298	secondary	auto-pick jacc=1.00; alt=Florida State Seminoles football(0.50)|University of Florida(0.50)
fordham	Fordham University	Fordham University	40.86194444	-73.88611111	secondary	auto-pick jacc=1.00; alt=Fordham University School of Law(0.50)|Fordham Rams(0.50)
gwu	George Washington University	George Washington University				auto-pick jacc=1.00; alt=George Washington University Law School(0.67)|George Washington Williams(0.67); NO-COORDS on page
georgiastate	Georgia State University	Georgia State University	33.75369444	-84.38597222	secondary	auto-pick jacc=1.00; alt=Georgia College & State University(1.00)|List of colleges and universities in Georgia (U.S. state)(0.40)
indiana	Indiana University Bloomington	Indiana University Bloomington	39.167222	-86.521389	secondary	auto-pick jacc=1.00; alt=Bloomington, Indiana(1.00)|Indiana University(0.50)
iowastate	Iowa State University	Iowa State University	42.0262	-93.648	secondary	auto-pick jacc=1.00; alt=University of Iowa(0.50)|Iowa–Iowa State football rivalry(0.50)
jamesmadison	James Madison University	James Madison University	38.43844444	-78.87375	secondary	auto-pick jacc=1.00; alt=James Madison(1.00)|James Madison Dukes football(0.50)
kansasstate	Kansas State University	Kansas State University	39.1914	-96.5809	secondary	auto-pick jacc=1.00; alt=Kansas State Wildcats football(0.50)|University of Kansas(0.50)
lsu	Louisiana State University	Louisiana State University	30.4145	-91.17826	secondary	auto-pick jacc=0.50; alt=List of research universities in the United States(0.00)|Association of Public and Land-grant Universities(0.00)
michiganstate	Michigan State University	Michigan State University	42.725	-84.48	secondary	auto-pick jacc=1.00; alt=2023 Michigan State University shooting(0.50)|List of colleges and universities in Michigan(0.33)
missouri	University of Missouri	Columbia, Missouri	38.9475	-92.32666667	secondary	auto-pick jacc=1.00; alt=University of Missouri(0.50)|List of University of Missouri alumni(0.25)
ncstate	NC State University	North Carolina State University	35.78722222	-78.67055556	secondary	auto-pick jacc=0.75; alt=Raleigh, North Carolina(0.75)|North Carolina State University Memorial Belltower(0.50)
oklahomastate	Oklahoma State University	Oklahoma State University	36.1224	-97.0698	secondary	auto-pick jacc=1.00; alt=Northwestern Oklahoma State University(0.67)|University of Oklahoma(0.50)
oregonstate	Oregon State University	Oregon State University	44.5639	-123.2747	secondary	auto-pick jacc=1.00; alt=University of Oregon(0.50)|Oregon Health & Science University(0.25)
temple	Temple University	Temple University	39.98138889	-75.15444444	secondary	auto-pick jacc=1.00; alt=Temple University Hospital(0.50)|Temple University, Japan Campus(0.50)
texastech	Texas Tech University	Texas Tech University	33.584	-101.878	secondary	auto-pick jacc=1.00; alt=Texas Tech University System(1.00)|Texas Tech Red Raiders football(0.40)
ucirvine	UC Irvine	University of California, Irvine	33.64555556	-117.8425	secondary	auto-pick jacc=1.00; alt=Irvine, California(1.00)|University High School (Irvine, California)(0.67)
ucriverside	UC Riverside	University of California, Riverside	33.97555556	-117.33111111	secondary	auto-pick jacc=1.00; alt=Riverside, California(1.00)|Riverside County, California(0.67)
ucsc	UC Santa Cruz	University of California, Santa Cruz	37	-122.06	secondary	auto-pick jacc=1.00; alt=Santa Cruz, California(1.00)|Santa Cruz County, California(0.75)
alabama	University of Alabama	University of Alabama	33.21083333	-87.54611111	secondary	auto-pick jacc=1.00; alt=University of South Alabama(0.50)|Alabama A&M University(0.50)
ucf	University of Central Florida	University of Central Florida	28.6016	-81.2005	secondary	auto-pick jacc=1.00; alt=Central Florida(1.00)|List of University of Central Florida alumni(0.50)
colorado	University of Colorado Boulder	University of Colorado Boulder	40.0073	-105.2678	secondary	auto-pick jacc=1.00; alt=Boulder, Colorado(1.00)|University of Colorado(0.50)
uconn	University of Connecticut	University of Connecticut	41.80722222	-72.2525	secondary	auto-pick jacc=1.00; alt=List of colleges and universities in Connecticut(0.50)|UConn Huskies(0.00)
udel	University of Delaware	University of Delaware	39.67833333	-75.75111111	secondary	auto-pick jacc=1.00; alt=Delaware(1.00)|Delaware State University(0.50)
houston	University of Houston	University of Houston	29.7189	-95.3392	secondary	auto-pick jacc=1.00; alt=Houston(1.00)|Sam Houston State University(0.33)
iowa	University of Iowa	University of Iowa	41.66166667	-91.53638889	secondary	auto-pick jacc=1.00; alt=Iowa State University(0.50)|Iowa Writers' Workshop(0.33)
kansas	University of Kansas	University of Kansas	38.9584	-95.2478	secondary	auto-pick jacc=1.00; alt=Kansas State University(0.50)|University of Missouri–Kansas City(0.33)
kentucky	University of Kentucky	University of Kentucky	38.0325	-84.5025	secondary	auto-pick jacc=1.00; alt=List of colleges and universities in Kentucky(0.50)|Kentucky Wildcats(0.50)
louisville	University of Louisville	University of Louisville	38.215	-85.76027778	secondary	auto-pick jacc=1.00; alt=Louisville Cardinals(0.50)|Louisville Cardinals football(0.33)
miami	University of Miami	University of Miami	25.7216	-80.2793	secondary	auto-pick jacc=1.00; alt=Miami University(1.00)|Miami Hurricanes football(0.33)
minnesota	University of Minnesota Twin Cities	University of Minnesota	44.975	-93.23527778	secondary	REVIEW-LOW auto-pick jacc=0.33; alt=University of Minnesota System(0.33)|2019 Minnesota Golden Gophers football team(0.12)
nebraska	University of Nebraska-Lincoln	University of Nebraska–Lincoln	40.8175	-96.70138889	secondary	auto-pick jacc=1.00; alt=Lincoln, Nebraska(1.00)|Memorial Stadium (Lincoln)(0.25)
unm	University of New Mexico	University of New Mexico	35.08389	-106.61861	secondary	auto-pick jacc=1.00; alt=Eastern New Mexico University(0.67)|New Mexico State University(0.67)
uncc	UNC Charlotte	University of North Carolina at Charlotte	35.30638889	-80.73333333	secondary	auto-pick jacc=1.00; alt=University of North Carolina(0.67)|Charlotte 49ers football(0.20)
oklahoma	University of Oklahoma	Norman, Oklahoma	35.22083333	-97.44361111	secondary	auto-pick jacc=1.00; alt=University of Oklahoma(0.50)|List of research universities in the United States(0.00)
oregon	University of Oregon	University of Oregon	44.0443	-123.0758	secondary	auto-pick jacc=1.00; alt=Oregon Health & Science University(0.33)|Oregon Ducks football(0.33)
pitt	University of Pittsburgh	University of Pittsburgh	40.4446	-79.9533	secondary	auto-pick jacc=1.00; alt=University of Pittsburgh at Johnstown(0.50)|University of Pittsburgh at Bradford(0.50)
rochester	University of Rochester	University of Rochester	43.128333	-77.628333	secondary	auto-pick jacc=1.00; alt=University of Minnesota Rochester(0.50)|List of University of Rochester people(0.33)
southcarolina	University of South Carolina	Columbia, South Carolina	34.00055556	-81.03472222	secondary	auto-pick jacc=1.00; alt=University of South Carolina(0.67)|List of colleges and universities in South Carolina(0.50)
usf	University of South Florida	University of South Florida	28.05456111	-82.41305833	secondary	auto-pick jacc=1.00; alt=South Florida(1.00)|Florida Polytechnic University(0.33)
tennessee	University of Tennessee Knoxville	Knoxville, Tennessee	35.9617	-83.9232	secondary	auto-pick jacc=1.00; alt=University of Tennessee(0.50)|University of Tennessee system(0.50)
utah	University of Utah	University of Utah	40.7642	-111.8465	secondary	auto-pick jacc=1.00; alt=Utah Tech University(0.50)|Utah Valley University(0.50)
uva	University of Virginia	University of Virginia	38.03555556	-78.50333333	secondary	auto-pick jacc=1.00; alt=Virginia Tech(0.50)|List of research universities in the United States(0.00)
virginiatech	Virginia Tech	Virginia Tech	37.225	-80.425	secondary	REVIEW-LOW auto-pick jacc=0.25; alt=Virginia Tech shooting(0.20)|List of state and territorial universities in the United States(0.14)
wakeforest	Wake Forest University	Wake Forest University	36.134	-80.276	secondary	auto-pick jacc=1.00; alt=List of Wake Forest University people(0.50)|Wake Forest Demon Deacons football(0.40)
washstate	Washington State University	Washington State University	46.73	-117.16	secondary	forced-title (v0.19 trap)
waynestate	Wayne State University	Wayne State University	42.35734444	-83.07010556	secondary	auto-pick jacc=1.00; alt=Wayne State University School of Medicine(0.67)|List of Wayne State University people(0.50)
williamandmary	William & Mary	William and Mary				auto-pick jacc=1.00; alt=College of William & Mary(1.00)|William & Mary Tribe football(0.50); NO-COORDS on page
wpi	Worcester Polytechnic Institute	Worcester Polytechnic Institute	42.27444444	-71.8075	secondary	auto-pick jacc=1.00; alt=1922–23 WPI Engineers men's basketball team(0.00)|WPI Engineers football(0.00)
yeshiva	Yeshiva University	Yeshiva University	40.85055556	-73.92972222	secondary	auto-pick jacc=1.00; alt=Yeshiva College (Yeshiva University)(1.00)|Yeshiva(1.00)
rpi	Rensselaer Polytechnic Institute	Rensselaer Polytechnic Institute	42.73	-73.6775	secondary	auto-pick jacc=1.00; alt=History of Rensselaer Polytechnic Institute(0.67)|RPI Engineers(0.00)
stevens	Stevens Institute of Technology	Stevens Institute of Technology	40.744906	-74.023937	secondary	auto-pick jacc=1.00; alt=List of Stevens Institute of Technology alumni(0.50)|Stevens family(0.33)
auburn	Auburn University	Auburn University	32.603	-85.486	secondary	auto-pick jacc=1.00; alt=Auburn Tigers(0.50)|Auburn Tigers football(0.33)
arizona	University of Arizona	University of Arizona	32.2319	-110.9527	secondary	auto-pick jacc=1.00; alt=Arizona State University(0.50)|List of colleges and universities in Arizona(0.50)
umassamherst	UMass Amherst	University of Massachusetts Amherst	42.38888889	-72.52777778	secondary	auto-pick jacc=1.00; alt=Amherst, Massachusetts(1.00)|University of Massachusetts Amherst College of Engineering(0.67)
bucknell	Bucknell University	Bucknell University	40.95472222	-76.88361111	secondary	auto-pick jacc=1.00; alt=Bucknell Bison football(0.33)|2026 Bucknell Bison football team(0.20)
calpoly	Cal Poly San Luis Obispo	California Polytechnic State University, San Luis Obispo	35.30416667	-120.66277778	secondary	auto-pick jacc=1.00; alt=San Luis Obispo, California(0.60)|Cal Poly Mustangs football(0.00)
carleton	Carleton College	Carleton College	44.46194444	-93.15361111	secondary	auto-pick jacc=1.00; alt=Carleton University(1.00)|List of Carleton College people(0.33)
claremont	Claremont McKenna College	Claremont McKenna College	34.10171	-117.707	secondary	auto-pick jacc=1.00; alt=Claremont Colleges(0.50)|Claremont-Mudd-Scripps Stags and Athenas(0.17)
colgate	Colgate University	Colgate University	42.81944444	-75.53638889	secondary	auto-pick jacc=1.00; alt=Colgate-Palmolive(0.50)|William Colgate(0.50)
coloradostate	Colorado State University	Fort Collins, Colorado	40.5475	-105.06583333	secondary	auto-pick jacc=0.75; alt=Colorado State University(0.50)|2026 Colorado State Rams football team(0.25)
utahstate	Utah State	Utah State University	41.7425	-111.8125	secondary	auto-pick jacc=1.00; alt=Utah(0.50)|Utah Valley University(0.33)
davidson	Davidson College	Davidson College	35.49999	-80.845296	secondary	auto-pick jacc=1.00; alt=Davidson College Stadium(0.50)|Davidson, North Carolina(0.33)
fresnostate	Fresno State	California State University, Fresno	36.81333333	-119.75	secondary	auto-pick jacc=1.00; alt=Fresno State Bulldogs football(0.40)|2026 Fresno State Bulldogs football team(0.29)
denver	University of Denver	University of Denver	39.67833333	-104.96222222	secondary	auto-pick jacc=1.00; alt=University of Colorado Denver(0.50)|Metropolitan State University of Denver(0.33)
depaul	DePaul University	DePaul University	41.924	-87.656	secondary	auto-pick jacc=1.00; alt=DePaul University College of Law(0.50)|University Auditorium (DePaul University)(0.50)
fiu	Florida International University	Florida International University	25.757	-80.374	secondary	auto-pick jacc=1.00; alt=University of Florida(0.50)|List of colleges and universities in Florida(0.33)
georgia	University of Georgia	University of Georgia	33.9558	-83.3745	secondary	auto-pick jacc=1.00; alt=University System of Georgia(1.00)|Georgia State University(0.50)
harveymudd	Harvey Mudd College	Harvey Mudd College	34.10608	-117.70919	secondary	auto-pick jacc=1.00; alt=Harvey Mudd(1.00)|Harvey Seeley Mudd(0.67)
illinoischicago	University of Illinois Chicago	University of Illinois Chicago	41.87166667	-87.64916667	secondary	auto-pick jacc=1.00; alt=University of Illinois Chicago School of Law(0.67)|Chicago(0.50)
williams	Williams College	Williams College	42.7125	-73.205	secondary	auto-pick jacc=1.00; alt=Caleb Williams(0.50)|Amherst College(0.00)
amherst	Amherst College	Amherst College	42.37083333	-72.51694444	secondary	auto-pick jacc=1.00; alt=University of Massachusetts Amherst(0.50)|Amherst, Massachusetts(0.50)
swarthmore	Swarthmore College	Swarthmore College	39.905	-75.35388889	secondary	auto-pick jacc=1.00; alt=Swarthmore, Pennsylvania(0.50)|List of Swarthmore College people(0.33)
pomona	Pomona College	Pomona College	34.09805556	-117.71388889	secondary	auto-pick jacc=1.00; alt=List of Pomona College people(0.33)|California State Polytechnic University, Pomona(0.25)
wellesley	Wellesley College	Wellesley College	42.2925	-71.3075	secondary	auto-pick jacc=1.00; alt=Wellesley, Massachusetts(0.50)|Seven Sisters (colleges)(0.00)
bowdoin	Bowdoin College	Bowdoin College	43.90861111	-69.96277778	secondary	auto-pick jacc=1.00; alt=List of Bowdoin College people(0.33)|New England Small College Athletic Conference(0.00)
middlebury	Middlebury College	Middlebury College	44.00888889	-73.17722222	secondary	auto-pick jacc=1.00; alt=Middlebury, Vermont(0.50)|List of Middlebury College alumni(0.33)
wesleyan	Wesleyan University	Wesleyan University	41.5556	-72.6558	secondary	auto-pick jacc=1.00; alt=Ohio Wesleyan University(0.50)|Texas Wesleyan University(0.50)
vassar	Vassar College	Vassar College	41.6875	-73.89583333	secondary	auto-pick jacc=1.00; alt=Matthew Vassar(0.50)|Seven Sisters (colleges)(0.00)
colby	Colby College	Colby College	44.56416667	-69.66305556	secondary	auto-pick jacc=1.00; alt=Colby–Sawyer College(0.50)|List of Colby College alumni(0.33)
cincinnati	University of Cincinnati	University of Cincinnati	39.1328	-84.5153	secondary	auto-pick jacc=1.00; alt=Cincinnati Bearcats(0.50)|University System of Ohio(0.00)
dayton	University of Dayton	University of Dayton	39.740415	-84.179213	secondary	auto-pick jacc=1.00; alt=Dayton, Ohio(0.50)|University of Dayton Research Institute(0.50)
loyolachicago	Loyola University Chicago	Loyola University Chicago	41.9999	-87.6578	secondary	auto-pick jacc=1.00; alt=Loyola University Chicago School of Law(0.67)|Loyola Ramblers(0.33)
slu	Saint Louis University	Saint Louis University	38.63638889	-90.23416667	secondary	auto-pick jacc=1.00; alt=Saint Louis University (Philippines)(0.50)|St. Louis(0.50)
usfca	University of San Francisco	University of San Francisco	37.77944444	-122.45194444	secondary	forced-title (v0.19 trap)
sdsu	San Diego State University	San Diego State University	32.77527778	-117.07222222	secondary	auto-pick jacc=1.00; alt=San Diego(0.50)|University of San Diego(0.50)
sjsu	San Jose State University	San Jose State University	37.3353	-121.8813	secondary	auto-pick jacc=1.00; alt=San Jose State Spartans(0.67)|San Jose State Spartans football(0.50)
unlv	University of Nevada Las Vegas	University of Nevada, Las Vegas	36.10779	-115.14376	secondary	auto-pick jacc=1.00; alt=Las Vegas(0.67)|UNLV Rebels football(0.00)
unr	University of Nevada Reno	University of Nevada, Reno	39.53777778	-119.81388889	secondary	auto-pick jacc=1.00; alt=Reno, Nevada(1.00)|List of colleges and universities in Nevada(0.33)
wyoming	University of Wyoming	University of Wyoming	41.31305556	-105.58138889	secondary	auto-pick jacc=1.00; alt=List of colleges and universities in Wyoming(0.50)|Wyoming Cowboys and Cowgirls(0.33)
uvm	University of Vermont	University of Vermont	44.476	-73.195	secondary	auto-pick jacc=1.00; alt=Vermont(1.00)|Vermont State University(0.50)
unh	University of New Hampshire	University of New Hampshire	43.13638889	-70.93222222	secondary	auto-pick jacc=1.00; alt=List of colleges and universities in New Hampshire(0.67)|Southern New Hampshire University(0.67)
maine	University of Maine	University of Maine	44.902	-68.668	secondary	auto-pick jacc=1.00; alt=University of Southern Maine(0.50)|List of colleges and universities in Maine(0.50)
uri	University of Rhode Island	University of Rhode Island	41.48071	-71.5258	secondary	auto-pick jacc=1.00; alt=Rhode Island(1.00)|Rhode Island Rams football(0.50)
hawaii	University of Hawaii at Manoa	Hawaii Rainbow Warriors and Rainbow Wahine				REVIEW-LOW auto-pick jacc=0.20; alt=University of Hawaiʻi at Mānoa(0.00)|University of Hawaiʻi(0.00); NO-COORDS on page
montanastate	Montana State University	Montana State University	45.66833333	-111.05	secondary	auto-pick jacc=1.00; alt=Montana State University Billings(0.67)|Montana(0.50)
montana	University of Montana	University of Montana	46.86	-113.98527778	secondary	auto-pick jacc=1.00; alt=Montana State University(0.50)|Montana Technological University(0.50)
ndsu	North Dakota State University	North Dakota State University	46.8917	-96.8	secondary	auto-pick jacc=1.00; alt=North Dakota State College of Science(0.75)|University of North Dakota(0.67)
und	University of North Dakota	University of North Dakota	47.9222	-97.0734	secondary	forced-title (v0.19 trap)
sdstate	South Dakota State University	South Dakota State University	44.31805556	-96.78333333	secondary	auto-pick jacc=1.00; alt=University of South Dakota(0.67)|South Dakota State Jackrabbits football(0.60)
boisestate	Boise State University	Boise State University	43.604	-116.204	secondary	auto-pick jacc=1.00; alt=Boise State Broncos(0.67)|Boise State Broncos football(0.50)
idaho	University of Idaho	University of Idaho	46.726	-117.011	secondary	auto-pick jacc=1.00; alt=Idaho State University(0.50)|2022 Idaho student murders(0.25)
nmsu	New Mexico State University	New Mexico State University	32.283	-106.748	secondary	auto-pick jacc=1.00; alt=University of New Mexico(0.67)|Eastern New Mexico University(0.50)
txstate	Texas State University	Texas State University	29.88888889	-97.93888889	secondary	auto-pick jacc=1.00; alt=List of colleges and universities in Texas(0.33)|East Texas A&M University(0.25)
unt	University of North Texas	University of North Texas	33.20972222	-97.15	secondary	auto-pick jacc=1.00; alt=North Texas Mean Green football(0.40)|List of colleges and universities in Texas(0.33)
uta	University of Texas at Arlington	University of Texas at Arlington	32.7307	-97.1146	secondary	auto-pick jacc=1.00; alt=Arlington, Texas(1.00)|UT Arlington Mavericks(0.25)
utdallas	University of Texas at Dallas	University of Texas at Dallas	32.985	-96.75	secondary	auto-pick jacc=1.00; alt=University of North Texas at Dallas(0.67)|Dallas(0.50)
utsa	University of Texas at San Antonio	University of Texas at San Antonio	29.58333333	-98.62083333	secondary	auto-pick jacc=1.00; alt=San Antonio(0.50)|University of Texas Health Science Center at San Antonio(0.40)
fau	Florida Atlantic University	Florida Atlantic University	26.371	-80.102	secondary	auto-pick jacc=1.00; alt=Florida Atlantic Owls(0.67)|Florida Atlantic Owls football(0.50)
memphis	University of Memphis	University of Memphis	35.11888889	-89.93722222	secondary	auto-pick jacc=1.00; alt=Memphis Tigers(0.50)|Memphis, Tennessee(0.50)
akron	University of Akron	University of Akron	41.0752	-81.5115	secondary	auto-pick jacc=1.00; alt=Summa Health Akron Campus(0.33)|List of research universities in the United States(0.00)
toledo	University of Toledo	University of Toledo	41.657716	-83.61366	secondary	auto-pick jacc=1.00; alt=Toledo, Ohio(0.50)|Toledo Rockets(0.50)
kentstate	Kent State University	Kent State University	41.14694444	-81.34333333	secondary	forced-title (v0.19 trap)
bgsu	Bowling Green State University	Bowling Green State University	41.38	-83.63	secondary	auto-pick jacc=1.00; alt=List of Bowling Green State University buildings(0.60)|Bowling Green, Kentucky(0.50)
ohiou	Ohio University	Ohio University	39.324	-82.102	secondary	forced-title (v0.19 trap)
miamioh	Miami University	Miami University	39.511905	-84.734674	secondary	auto-pick jacc=0.50; alt=Oxford, Ohio(0.33)|Benton Hall (Miami University)(0.25)
umkc	University of Missouri-Kansas City	University of Missouri–Kansas City	39.033547	-94.575578	secondary	auto-pick jacc=1.00; alt=University of Missouri–Kansas City School of Law(0.75)|Kansas City metropolitan area(0.40)
uwmilwaukee	University of Wisconsin-Milwaukee	University of Wisconsin–Milwaukee	43.075	-87.8829	secondary	auto-pick jacc=1.00; alt=Wisconsin State College of Milwaukee(0.67)|Milwaukee(0.50)
uab	University of Alabama Birmingham	University of Alabama at Birmingham	33.502	-86.8079	secondary	auto-pick jacc=1.00; alt=University of Alabama at Birmingham School of Medicine(0.67)|UAB Blazers football(0.00)
tcu	Texas Christian University	Texas Christian University	32.7096	-97.364	secondary	auto-pick jacc=1.00; alt=List of Texas Christian University alumni(0.50)|List of colleges and universities in Texas(0.33)
syracuse	Syracuse University	Syracuse University	43.0376	-76.134	secondary	auto-pick jacc=1.00; alt=Syracuse Orange(0.50)|Syracuse Orange football(0.33)
arkansas	University of Arkansas	University of Arkansas	36.0686	-94.1761	secondary	auto-pick jacc=1.00; alt=List of colleges and universities in Arkansas(0.50)|University of Arkansas at Pine Bluff(0.33)
olemiss	University of Mississippi	University of Mississippi				auto-pick jacc=1.00; alt=List of colleges and universities in Mississippi(0.50)|Mississippi State University(0.50); NO-COORDS on page
mississippistate	Mississippi State University	Mississippi State University	33.454	-88.789	secondary	auto-pick jacc=1.00; alt=Mississippi Valley State University(0.67)|Mississippi State Bulldogs football(0.50)
creighton	Creighton University	Creighton University	41.26472222	-95.94611111	secondary	auto-pick jacc=1.00; alt=Creighton Bluejays(0.50)|Brandon Creighton(0.50)
gonzaga	Gonzaga University	Gonzaga University	47.6675	-117.4025	secondary	auto-pick jacc=1.00; alt=Gonzaga Bulldogs(0.50)|List of Gonzaga University alumni(0.33)
marquette	Marquette University	Marquette University	43.03916667	-87.9325	secondary	auto-pick jacc=1.00; alt=Jacques Marquette(0.50)|Marquette University Law School(0.50)
xavier	Xavier University	Xavier University	39.14868	-84.47799	secondary	auto-pick jacc=1.00; alt=Xavier University of Louisiana(0.50)|St. Francis Xavier University(0.33)
butler	Butler University	Butler University	39.83944444	-86.17138889	secondary	auto-pick jacc=1.00; alt=Butler Bulldogs(0.50)|Butler Bulldogs football(0.33)
hamilton	Hamilton College	Hamilton College	43.0519	-75.4061	secondary	auto-pick jacc=1.00; alt=Hamilton College (disambiguation)(0.50)|List of Hamilton College people(0.33)
macalester	Macalester College	Macalester College	44.93916667	-93.16777778	secondary	auto-pick jacc=1.00; alt=Macalester College Eco-House(0.33)|Marlon James (novelist)(0.00)
providence	Providence College	Providence College	41.84388889	-71.435	secondary	auto-pick jacc=1.00; alt=Providence Christian College(0.50)|Frank Caprio(0.00)
